trigram,frequency,percentage
übe,27561,0.022298507607592867
füh,27515,0.022261290839335212
rüc,24968,0.02020061456211236
tät,24464,0.019792848231637166
rün,18103,0.014646416429746878
kön,17661,0.014288811830401569
räs,17606,0.014244313520528283
oße,17387,0.014067129341214658
aße,17108,0.013841401551130176
mög,16410,0.013276677545829214
hör,16405,0.013272632244931642
für,16095,0.013021823589282219
län,16002,0.01294658099258739
wür,15108,0.01222328119210163
tän,14736,0.011922310805322321
lär,14583,0.011798524597856637
hät,13722,0.011101923783294849
Übe,13399,0.01084059734531174
uße,12768,0.010330080372038234
häf,12723,0.01029367266396009
rüh,12482,0.010098689160697151
näc,12425,0.010052572730464837
tär,12137,0.009819563398764728
jäh,11534,0.009331700110517621
wäh,11494,0.00929933770333705
kün,11311,0.009151279690485938
wär,11124,0.008999985436916769
rän,10855,0.00878234824862743
tür,10800,0.008737849938754145
Jäh,10641,0.008609209370211375
Bür,10389,0.008405326204973779
lüc,10166,0.008224905784942095
fäl,10096,0.008168271572376096
höh,9422,0.007622965011383476
räg,9107,0.007368111054836481
röß,9058,0.0073284671060402816
hän,9048,0.007320376504245139
tüt,8975,0.007261315111140597
eße,8667,0.007012124575850201
dür,8658,0.007004843034234573
pät,8483,0.006863257502819574
läs,8459,0.006843840058511232
Rüc,8260,0.006682837082787892
räf,8088,0.006543678731911437
häl,8070,0.00652911564868018
Mär,7943,0.006426365005881868
fäh,7933,0.006418274404086725
läu,7861,0.006360022071161697
Mün,7602,0.0061504754846675004
sät,7207,0.005830896713759363
lös,7195,0.005821187991605191
hüt,7105,0.005748372575448907
fün,7105,0.005748372575448907
müs,7073,0.00572248264970445
zäh,6647,0.00537782301323137
füg,6537,0.0052888263934848
rät,6474,0.005237855602175401
ußb,6342,0.005131059658479517
Län,6333,0.005123778116863888
röf,6217,0.005029927136040233
rüb,6147,0.0049732929234742335
räc,5956,0.004818762429187008
häu,5808,0.0046990215226188955
aßn,5702,0.004613261143590382
käm,5406,0.0043737793304541575
hön,5303,0.004290446131964188
räu,5298,0.004286400831066617
ißt,5231,0.00423219379903916
öff,5180,0.004190931729883932
völ,5106,0.004131061276599876
Öst,5050,0.004085753906547077
gän,4997,0.00404287371703282
nüb,4967,0.004018601911647392
Wäh,4825,0.0039037153661563655
päi,4781,0.0038681167182577376
tüc,4695,0.00379853754281951
Höh,4671,0.0037791200985111675
rüf,4583,0.0037079228027139116
läc,4534,0.0036682788539177122
Süd,4449,0.003599508738658999
mäß,4398,0.003558246669503771
eßl,4192,0.0033915802725238307
möc,4169,0.0033729718883950027
häd,4169,0.0033729718883950027
iße,4160,0.003365690346779374
täd,4159,0.00336488128659986
säc,4145,0.00335355444408666
nöt,4114,0.0033284735785217177
Mög,4041,0.0032694121854171757
Män,4040,0.0032686031252376615
hül,4037,0.0032661759446991185
Füh,4033,0.0032629397039810617
bäu,3957,0.0032014511303379766
Kön,3941,0.0031885061674657485
bür,3850,0.0031148816911299496
läg,3749,0.0030331666129990082
tör,3748,0.003032357552819494
Fäl,3738,0.003024266951024351
lät,3699,0.0029927136040232946
Mül,3534,0.0028592186744034395
Lös,3533,0.0028584096142239253
Köl,3355,0.0027143969022703847
fül,3208,0.0025954650558817865
Tür,3206,0.002593846935522758
Tät,3178,0.0025711932504963583
lüs,3142,0.0025420670840338444
Kün,3118,0.0025226496397255022
här,3061,0.0024765332094931884
Gäs,3036,0.0024563067050053316
rös,3020,0.0024433617421331035
näh,2933,0.0023729735065153618
kür,2913,0.002356792302925076
jün,2889,0.002337374858616734
för,2875,0.0023260480161035337
sön,2757,0.0022305789149208496
rüs,2575,0.002083329962249252
Büh,2571,0.002080093721531195
För,2544,0.0020582490966843097
wün,2505,0.0020266957496832528
fän,2491,0.002015368907170053
när,2460,0.0019902880416051106
wöl,2453,0.0019846246203485108
täg,2446,0.001978961199091911
Hän,2426,0.0019627799955016256
höc,2424,0.0019611618751425967
Kör,2337,0.001890773639524855
wäc,2331,0.0018859192784477694
äuß,2235,0.0018082495012143992
züg,2181,0.0017645602515206286
ähn,2159,0.0017467609275713147
Öff,2078,0.0016812270530306586
wöh,2074,0.0016779908123126014
gün,2036,0.001647246525491059
Wür,2032,0.001644010284773002
Näh,2031,0.0016432012245934876
pür,1977,0.001599511974899717
änd,1952,0.0015792854704118602
löt,1914,0.0015485411835903177
kör,1911,0.001546114003051775
ÖVP,1892,0.0015307418596410037
übr,1892,0.0015307418596410037
Häl,1834,0.001483816369229176
lüg,1813,0.0014668261054593763
öst,1810,0.0014643989249208335
däc,1796,0.0014530720824076336
näm,1791,0.0014490267815100624
Mäd,1773,0.0014344636982788054
Bör,1742,0.001409382832713863
wäl,1730,0.0013996741105596917
töt,1688,0.0013656935830200921
hür,1688,0.0013656935830200921
täu,1684,0.001362457342302035
müh,1652,0.0013365674165575785
Ärz,1647,0.001332522115660007
ält,1638,0.0013252405740443785
büh,1617,0.0013082503102745788
män,1590,0.0012864056854276936
zös,1589,0.0012855966252481791
tüm,1531,0.0012386711348363515
Düs,1499,0.0012127812090918946
Nür,1496,0.0012103540285533518
mär,1487,0.0012030724869377233
oßb,1472,0.0011909365842450092
eßt,1452,0.0011747553806547239
Häu,1445,0.001169091959398124
gül,1427,0.001154528876166867
Fün,1397,0.0011302570707814388
Zür,1394,0.001127829890242896
bün,1384,0.0011197392884477533
röd,1304,0.0010550144740866115
Jür,1286,0.0010404513908553546
Für,1274,0.0010307426687011833
Sän,1258,0.001017797705828955
Wär,1247,0.001008898043854298
aßl,1242,0.0010048527429567266
Räu,1239,0.0010024255624181838
Gün,1225,0.0009910987199049839
läd,1222,0.0009886715393664413
rüß,1209,0.0009781537570327555
Küh,1195,0.0009668269145195558
süd,1186,0.0009595453729039274
mün,1185,0.0009587363127244131
rüg,1183,0.0009571181923653845
Änd,1169,0.0009457913498521847
Bäu,1166,0.0009433641693136419
hüs,1146,0.0009271829657233565
küm,1145,0.0009263739055438421
küh,1133,0.0009166651833896708
Höc,1119,0.000905338340876471
Müh,1111,0.0008988658594403569
höp,1092,0.0008834937160295857
nüg,1080,0.0008737849938754144
bän,1064,0.0008608400310031861
Lüb,1049,0.000848704128310472
Öko,1047,0.0008470860079514435
Kür,1043,0.0008438497672333863
zög,1036,0.0008381863459767865
ußg,1018,0.0008236232627455295
käu,1003,0.0008114873600528154
eöf,993,0.0008033967582576727
wäs,992,0.0008025876980781584
Bün,990,0.0008009695777191299
Büc,986,0.0007977333370010728
säu,972,0.000786406494487873
mäc,970,0.0007847883741288445
töß,970,0.0007847883741288445
tün,960,0.0007766977723337017
süb,948,0.0007669890501795305
Käm,946,0.0007653709298205019
Söd,935,0.0007564712678458449
Hör,932,0.0007540440873073021
übl,931,0.0007532350271277879
nüt,925,0.0007483806660507022
Löw,905,0.0007321994624604168
Kär,904,0.0007313904022809024
Zäh,902,0.0007297722819218739
Küc,890,0.0007200635597677026
müt,890,0.0007200635597677026
Fäh,867,0.0007014551756388743
zün,866,0.0007006461154593601
oßa,863,0.0006982189349208173
säm,858,0.0006941736340232459
Jör,842,0.0006812286711510176
höf,827,0.0006690927684583034
oßt,823,0.0006658565277402464
Wüs,821,0.0006642384073812178
Jän,814,0.0006585749861246179
röm,814,0.0006585749861246179
räd,813,0.0006577659259451036
wör,809,0.0006545296852270466
eän,796,0.000644011902893361
Dür,791,0.0006399666019957896
büt,786,0.0006359213010982183
gäs,780,0.0006310669400211327
iös,760,0.0006148857364308472
töd,755,0.0006108404355332759
äng,752,0.000608413254994733
Völ,749,0.0006059860744561902
där,743,0.0006011317133791046
däm,733,0.0005930411115839618
Dän,732,0.0005922320514044476
päs,722,0.0005841414496093048
Göt,722,0.0005841414496093048
ßer,722,0.0005841414496093048
Güt,720,0.0005825233292502763
Pöl,716,0.0005792870885322192
Züg,712,0.0005760508478141621
Ähn,710,0.0005744327274551336
räm,709,0.0005736236672756193
Mön,706,0.0005711964867370765
eßu,703,0.0005687693061985337
mäs,698,0.0005647240053009623
öko,689,0.0005574424636853338
güt,689,0.0005574424636853338
Übu,689,0.0005574424636853338
eäu,649,0.0005250800565047629
Küs,647,0.0005234619361457344
bär,641,0.0005186075750686488
bör,638,0.0005161803945301059
lüh,627,0.000507280732555449
rär,626,0.0005064716723759346
nüp,625,0.0005056626121964204
fär,616,0.000498381070580792
Bär,614,0.0004967629502217633
Lüc,612,0.0004951448298627348
rön,611,0.0004943357696832206
sän,609,0.000492717649324192
Köp,598,0.000483817987349535
Hüt,598,0.000483817987349535
wän,595,0.0004813908068109922
Äuß,571,0.00046197336250264966
gär,569,0.00046035524214362115
köp,569,0.00046035524214362115
rüd,558,0.0004514555801689641
Näc,557,0.00045064651998944985
dün,555,0.00044902839963042134
löc,554,0.000448219339450907
ört,543,0.00043931967747625004
mül,540,0.0004368924969377072
Übr,525,0.00042475659424499315
Ärg,520,0.00042071129334742176
Hür,520,0.00042071129334742176
jüd,519,0.0004199022331679075
növ,508,0.0004110025711932505
Fül,506,0.00040938445083422195
wäg,502,0.00040614821011616487
oßs,500,0.0004045300897571363
mäl,500,0.0004045300897571363
nör,497,0.0004021029092185935
öft,493,0.0003988666685005364
Müt,492,0.00039805760832102214
lüt,491,0.0003972485481415079
Rüs,484,0.000391585126884908
wöc,484,0.000391585126884908
röh,482,0.0003899670065258794
Dör,478,0.0003867307658078223
ärg,474,0.00038349452508976525
päd,471,0.0003810673445512224
bös,469,0.00037944922419219385
Bäc,466,0.00037702204365365103
Gän,465,0.0003762129834741368
büc,463,0.0003745948631151082
Böh,462,0.00037378580293559395
räv,461,0.0003729767427560797
Wün,451,0.00036488614096093696
rüm,450,0.0003640770807814227
röt,450,0.0003640770807814227
jäg,449,0.0003632680206019084
Säu,448,0.00036245896042239414
Käu,447,0.0003616499002428799
räz,436,0.00035275023826822284
höl,433,0.00035032305772968007
aßg,433,0.00035032305772968007
Gär,425,0.00034385057629356586
Füß,424,0.0003430415161140516
päc,424,0.0003430415161140516
Lär,422,0.00034142339575502303
Käl,418,0.00033818715503696595
räb,409,0.00033090561342133753
pör,405,0.0003276693727032804
Käs,404,0.00032686031252376614
Läu,402,0.0003252421921647376
mäh,400,0.00032362407180570906
gäb,397,0.00032119689126716624
Wör,396,0.000320387831087652
näl,396,0.000320387831087652
Jäg,392,0.00031715159036959484
Bös,392,0.00031715159036959484
lüf,389,0.0003147244098310521
Wän,385,0.00031148816911299494
Rät,382,0.00030906098857445217
pül,379,0.00030663380803590935
müd,378,0.00030582474785639503
Möb,375,0.0003033975673178522
oßm,368,0.0002977341460612523
täl,366,0.0002961160257022238
tüb,357,0.0002888344840865953
Häf,355,0.0002872163637275668
Jün,350,0.0002831710628299954
täb,349,0.00028236200265048116
Vög,348,0.0002815529424709669
Wöl,347,0.0002807438822914526
Töt,347,0.0002807438822914526
Höl,347,0.0002807438822914526
Wäl,342,0.00027669858139388125
züb,341,0.00027588952121436694
Räd,337,0.00027265328049630986
ißi,335,0.00027103516013728135
Här,333,0.0002694170397782528
Dün,333,0.0002694170397782528
küs,332,0.0002686079795987385
Däm,331,0.00026779891941922427
Gör,331,0.00026779891941922427
nün,325,0.0002629445583421386
Röm,321,0.00025970831762408154
Mör,321,0.00025970831762408154
gäu,321,0.00025970831762408154
wüs,319,0.00025809019726505297
wüt,318,0.0002572811370855387
käl,318,0.0002572811370855387
Lüd,317,0.0002564720769060244
oßf,316,0.00025566301672651015
töc,313,0.0002532358361879673
Tän,312,0.00025242677600845306
Rüd,311,0.0002516177158289388
süß,310,0.0002508086556494245
rüt,309,0.00024999959546991024
müc,307,0.0002483814751108817
jör,306,0.0002475724149313674
ÖPN,305,0.00024676335475185316
Sät,305,0.00024676335475185316
oßv,305,0.00024676335475185316
düs,305,0.00024676335475185316
häm,304,0.0002459542945723389
eüb,300,0.0002427180538542818
köm,299,0.0002419089936747675
Süß,299,0.0002419089936747675
Tön,298,0.00024109993349525325
ärz,297,0.00024029087331573897
säs,293,0.0002370546325976819
nüc,292,0.0002362455724181676
Ält,291,0.00023543651223865332
Ölp,289,0.00023381839187962478
Löh,289,0.00023381839187962478
züc,289,0.00023381839187962478
Nöt,287,0.00023220027152059624
dän,287,0.00023220027152059624
Lüg,285,0.0002305821511615677
oßz,283,0.00022896403080253916
möd,283,0.00022896403080253916
Ära,282,0.00022815497062302488
nös,282,0.00022815497062302488
Lör,281,0.00022734591044351062
Töc,280,0.00022653685026399634
wäb,280,0.00022653685026399634
Hül,276,0.00022330060954593926
Lüt,273,0.00022087342900739643
Ägy,271,0.0002192553086483679
oßh,268,0.00021682812810982507
Möl,260,0.00021035564667371088
böe,259,0.00020954658649419662
Gül,259,0.00020954658649419662
Säc,258,0.00020873752631468234
Bän,258,0.00020873752631468234
Sül,256,0.0002071194059556538
Höf,256,0.0002071194059556538
tön,253,0.00020469222541711097
Hät,251,0.00020307410505808243
käs,251,0.00020307410505808243
übt,250,0.00020226504487856815
Äng,249,0.0002014559846990539
Töl,249,0.0002014559846990539
Söh,246,0.00019902880416051107
Läc,245,0.00019821974398099678
Rös,243,0.00019660162362196824
Päd,240,0.00019417444308342542
büß,240,0.00019417444308342542
nöl,238,0.00019255632272439688
Özd,235,0.00019012914218585406
Lüf,234,0.0001893200820063398
sär,234,0.0001893200820063398
Söl,233,0.00018851102182682551
gön,232,0.00018770196164731126
Böl,230,0.00018608384128828272
oßr,229,0.00018527478110876843
Kös,228,0.00018446572092925415
Föd,224,0.00018122948021119707
Päc,224,0.00018122948021119707
döl,221,0.00017880229967265425
Hün,221,0.00017880229967265425
ügi,220,0.00017799323949314
näp,217,0.00017556605895459716
aßs,216,0.00017475699877508288
söh,215,0.00017394793859556862
iär,213,0.00017232981823654008
päe,210,0.00016990263769799726
hüb,210,0.00016990263769799726
täm,209,0.00016909357751848298
Höx,207,0.00016747545715945444
sün,206,0.00016666639697994015
pün,203,0.00016423921644139735
häo,202,0.00016343015626188307
vög,202,0.00016343015626188307
tüh,200,0.00016181203590285453
nür,197,0.0001593848553643117
Läd,197,0.0001593848553643117
Ämt,197,0.0001593848553643117
iöz,196,0.00015857579518479742
bäd,196,0.00015857579518479742
Hüf,195,0.00015776673500528317
Rän,195,0.00015776673500528317
Müs,194,0.00015695767482576888
Böe,194,0.00015695767482576888
lüp,193,0.00015614861464625463
Äst,192,0.00015533955446674034
säg,192,0.00015533955446674034
NÖN,190,0.0001537214341077118
räp,190,0.0001537214341077118
Gür,190,0.0001537214341077118
Büs,189,0.00015291237392819752
köl,189,0.00015291237392819752
Füc,187,0.00015129425356916898
küc,187,0.00015129425356916898
Hüh,187,0.00015129425356916898
Röh,186,0.00015048519338965472
löd,186,0.00015048519338965472
Löc,186,0.00015048519338965472
zöl,186,0.00015048519338965472
Bäd,185,0.00014967613321014044
vös,184,0.00014886707303062615
Köh,182,0.0001472489526715976
hüc,180,0.00014563083231256907
löl,180,0.00014563083231256907
häe,179,0.0001448217721330548
Vät,179,0.0001448217721330548
füt,179,0.0001448217721330548
Bäl,177,0.00014320365177402625
kär,177,0.00014320365177402625
läh,173,0.00013996741105596917
oßk,171,0.00013834929069694063
höv,170,0.00013754023051742634
Lün,170,0.00013754023051742634
Hüb,170,0.00013754023051742634
uäl,169,0.00013673117033791209
göd,169,0.00013673117033791209
äus,169,0.00013673117033791209
ärm,169,0.00013673117033791209
aßb,168,0.0001359221101583978
böc,168,0.0001359221101583978
läf,168,0.0001359221101583978
Füs,166,0.00013430398979936926
bäc,164,0.00013268586944034072
Käf,163,0.00013187680926082644
Zün,163,0.00013187680926082644
täh,162,0.00013106774908131215
Büt,162,0.00013106774908131215
ÖBB,160,0.0001294496287222836
röl,158,0.00012783150836325507
mör,157,0.00012702244818374082
tös,156,0.00012621338800422653
Müc,154,0.000124595267645198
süm,154,0.000124595267645198
ißl,154,0.000124595267645198
Pün,153,0.0001237862074656837
Jüd,152,0.00012297714728616945
Tüb,152,0.00012297714728616945
ußw,151,0.00012216808710665517
Röd,151,0.00012216808710665517
Bön,150,0.0001213590269271409
Wäs,150,0.0001213590269271409
dör,149,0.00012054996674762663
Däc,149,0.00012054996674762663
Böd,149,0.00012054996674762663
rör,148,0.00011974090656811234
röc,148,0.00011974090656811234
löß,148,0.00011974090656811234
Mäh,146,0.0001181227862090838
kül,146,0.0001181227862090838
ÖFB,144,0.00011650466585005526
Röt,144,0.00011650466585005526
süc,143,0.00011569560567054099
Rüg,143,0.00011569560567054099
lön,143,0.00011569560567054099
Bül,143,0.00011569560567054099
TÜV,140,0.00011326842513199817
Öle,139,0.0001124593649524839
üpp,138,0.00011165030477296963
Ärm,136,0.00011003218441394107
fäß,136,0.00011003218441394107
oßg,135,0.0001092231242344268
röb,135,0.0001092231242344268
Rüt,133,0.00010760500387539826
Böb,131,0.00010598688351636971
Göp,130,0.00010517782333685544
räh,129,0.00010436876315734117
iät,128,0.0001035597029778269
bäl,127,0.00010275064279831263
Ölk,126,0.00010194158261879834
Näg,126,0.00010194158261879834
Fäc,126,0.00010194158261879834
oßp,125,0.00010113252243928407
Mäu,124,0.0001003234622597698
Güs,124,0.0001003234622597698
Mäc,124,0.0001003234622597698
nüs,123,9.951440208025553e-05
rög,122,9.870534190074126e-05
Tüt,122,9.870534190074126e-05
löh,120,9.708722154171271e-05
mäu,119,9.627816136219844e-05
Rön,119,9.627816136219844e-05
Köc,119,9.627816136219844e-05
Söm,119,9.627816136219844e-05
Säm,119,9.627816136219844e-05
töp,119,9.627816136219844e-05
Hön,118,9.546910118268417e-05
rül,118,9.546910118268417e-05
löf,117,9.46600410031699e-05
ißn,117,9.46600410031699e-05
ußa,117,9.46600410031699e-05
Häm,116,9.385098082365563e-05
Tüc,116,9.385098082365563e-05
Zöl,116,9.385098082365563e-05
käf,116,9.385098082365563e-05
ißb,116,9.385098082365563e-05
büs,115,9.304192064414136e-05
Päs,114,9.223286046462708e-05
Rüh,114,9.223286046462708e-05
Hüg,114,9.223286046462708e-05
Pär,113,9.14238002851128e-05
zäu,112,9.061474010559853e-05
häs,111,8.980567992608426e-05
lüb,111,8.980567992608426e-05
Sör,111,8.980567992608426e-05
ußl,111,8.980567992608426e-05
Täu,111,8.980567992608426e-05
ÖSV,111,8.980567992608426e-05
ZÜR,111,8.980567992608426e-05
lün,110,8.899661974657e-05
wüh,110,8.899661974657e-05
Täg,110,8.899661974657e-05
Möd,107,8.656943920802717e-05
fäc,107,8.656943920802717e-05
Mür,106,8.57603790285129e-05
nöp,106,8.57603790285129e-05
Öft,105,8.495131884899863e-05
ußs,104,8.414225866948436e-05
oßw,103,8.333319848997008e-05
lüm,102,8.25241383104558e-05
Äpf,102,8.25241383104558e-05
eßb,102,8.25241383104558e-05
näs,101,8.171507813094154e-05
Töp,101,8.171507813094154e-05
Müd,101,8.171507813094154e-05
kös,100,8.090601795142727e-05
Dön,100,8.090601795142727e-05
Ört,100,8.090601795142727e-05
röp,99,8.0096957771913e-05
Möh,99,8.0096957771913e-05
Böc,98,7.928789759239871e-05
Sün,98,7.928789759239871e-05
Öls,97,7.847883741288444e-05
töh,96,7.766977723337017e-05
Hüp,95,7.68607170538559e-05
Löf,95,7.68607170538559e-05
möb,95,7.68607170538559e-05
nöd,94,7.605165687434163e-05
Hög,92,7.443353651531308e-05
Läs,92,7.443353651531308e-05
Gös,92,7.443353651531308e-05
Nör,92,7.443353651531308e-05
ägy,91,7.36244763357988e-05
Bät,90,7.281541615628454e-05
nöc,88,7.1197295797256e-05
ÖAM,88,7.1197295797256e-05
ußi,88,7.1197295797256e-05
ißr,88,7.1197295797256e-05
löö,86,6.957917543822744e-05
eöl,86,6.957917543822744e-05
Züc,86,6.957917543822744e-05
gür,84,6.79610550791989e-05
Möc,84,6.79610550791989e-05
Säb,84,6.79610550791989e-05
Jül,83,6.715199489968463e-05
küb,82,6.634293472017036e-05
äch,82,6.634293472017036e-05
möl,82,6.634293472017036e-05
büg,82,6.634293472017036e-05
aßt,81,6.553387454065608e-05
däq,81,6.553387454065608e-05
büb,80,6.47248143611418e-05
Büd,80,6.47248143611418e-05
räl,79,6.391575418162754e-05
Hüs,78,6.310669400211327e-05
göt,78,6.310669400211327e-05
äst,78,6.310669400211327e-05
ißh,78,6.310669400211327e-05
ußt,77,6.2297633822599e-05
Säg,77,6.2297633822599e-05
säh,77,6.2297633822599e-05
säl,77,6.2297633822599e-05
töb,76,6.148857364308473e-05
Rüb,76,6.148857364308473e-05
güc,76,6.148857364308473e-05
föh,75,6.067951346357045e-05
Zög,75,6.067951346357045e-05
oök,74,5.987045328405617e-05
ißw,74,5.987045328405617e-05
Fäu,74,5.987045328405617e-05
düb,74,5.987045328405617e-05
hüp,73,5.90613931045419e-05
tög,73,5.90613931045419e-05
Fäd,71,5.7443272745513354e-05
füm,71,5.7443272745513354e-05
dös,70,5.6634212565999084e-05
Föh,70,5.6634212565999084e-05
ißa,70,5.6634212565999084e-05
köc,69,5.5825152386484814e-05
föd,69,5.5825152386484814e-05
Kät,69,5.5825152386484814e-05
oßl,68,5.501609220697054e-05
läm,67,5.420703202745627e-05
Pöt,67,5.420703202745627e-05
Kän,66,5.3397971847941997e-05
töf,66,5.3397971847941997e-05
Küb,66,5.3397971847941997e-05
Wöh,66,5.3397971847941997e-05
Fär,65,5.258891166842772e-05
Göl,65,5.258891166842772e-05
ißs,64,5.177985148891345e-05
böt,64,5.177985148891345e-05
Vöc,64,5.177985148891345e-05
rök,64,5.177985148891345e-05
Zäu,64,5.177985148891345e-05
eßs,64,5.177985148891345e-05
Übl,63,5.097079130939917e-05
Döp,63,5.097079130939917e-05
fäd,63,5.097079130939917e-05
bög,62,5.01617311298849e-05
ißm,62,5.01617311298849e-05
uüb,62,5.01617311298849e-05
Näm,62,5.01617311298849e-05
Wäc,62,5.01617311298849e-05
Pöß,61,4.935267095037063e-05
näk,61,4.935267095037063e-05
säß,61,4.935267095037063e-05
Kük,60,4.8543610770856355e-05
lög,60,4.8543610770856355e-05
mäd,60,4.8543610770856355e-05
ÖGB,60,4.8543610770856355e-05
mür,59,4.7734550591342085e-05
hüg,59,4.7734550591342085e-05
eßk,59,4.7734550591342085e-05
Löb,59,4.7734550591342085e-05
aßm,59,4.7734550591342085e-05
Ölf,59,4.7734550591342085e-05
Äqu,58,4.6925490411827815e-05
oßd,57,4.611643023231354e-05
Düm,57,4.611643023231354e-05
oüb,57,4.611643023231354e-05
Köf,57,4.611643023231354e-05
näu,56,4.530737005279927e-05
Äth,56,4.530737005279927e-05
Nüs,56,4.530737005279927e-05
pär,56,4.530737005279927e-05
näb,56,4.530737005279927e-05
Ölm,55,4.4498309873285e-05
ißg,55,4.4498309873285e-05
Öll,55,4.4498309873285e-05
Böt,55,4.4498309873285e-05
OÖN,55,4.4498309873285e-05
Sön,55,4.4498309873285e-05
Pür,54,4.368924969377072e-05
Ölh,54,4.368924969377072e-05
Mäl,53,4.288018951425645e-05
Häh,53,4.288018951425645e-05
Püt,53,4.288018951425645e-05
Ötz,53,4.288018951425645e-05
ußm,52,4.207112933474218e-05
übu,52,4.207112933474218e-05
Özi,52,4.207112933474218e-05
hün,52,4.207112933474218e-05
äum,52,4.207112933474218e-05
vät,52,4.207112933474218e-05
Wög,51,4.12620691552279e-05
düm,51,4.12620691552279e-05
häh,51,4.12620691552279e-05
MÜN,51,4.12620691552279e-05
böd,51,4.12620691552279e-05
Nüb,51,4.12620691552279e-05
füß,51,4.12620691552279e-05
Döb,50,4.045300897571363e-05
häc,50,4.045300897571363e-05
Köt,50,4.045300897571363e-05
Füt,50,4.045300897571363e-05
päh,49,3.9643948796199356e-05
oßc,49,3.9643948796199356e-05
Gön,49,3.9643948796199356e-05
Zäs,49,3.9643948796199356e-05
Küm,49,3.9643948796199356e-05
Vös,49,3.9643948796199356e-05
Täl,49,3.9643948796199356e-05
löw,49,3.9643948796199356e-05
eßf,49,3.9643948796199356e-05
jön,48,3.8834888616685085e-05
pöb,48,3.8834888616685085e-05
öku,48,3.8834888616685085e-05
müb,48,3.8834888616685085e-05
fög,47,3.8025828437170815e-05
ÖGK,47,3.8025828437170815e-05
oßu,47,3.8025828437170815e-05
Hüc,46,3.721676825765654e-05
nöf,46,3.721676825765654e-05
töl,45,3.640770807814227e-05
Fäs,45,3.640770807814227e-05
Häk,45,3.640770807814227e-05
tüf,45,3.640770807814227e-05
iüb,45,3.640770807814227e-05
Höv,44,3.5598647898628e-05
Wül,43,3.478958771911372e-05
nän,43,3.478958771911372e-05
ißp,43,3.478958771911372e-05
Löt,43,3.478958771911372e-05
Bög,43,3.478958771911372e-05
Göb,42,3.398052753959945e-05
Özc,42,3.398052753959945e-05
böh,42,3.398052753959945e-05
Ölv,42,3.398052753959945e-05
Läm,41,3.317146736008518e-05
oßo,41,3.317146736008518e-05
höb,41,3.317146736008518e-05
ißu,41,3.317146736008518e-05
Nüt,40,3.23624071805709e-05
Köd,40,3.23624071805709e-05
eär,40,3.23624071805709e-05
Zül,40,3.23624071805709e-05
rüp,39,3.155334700105663e-05
köb,39,3.155334700105663e-05
Säl,39,3.155334700105663e-05
Höt,39,3.155334700105663e-05
Ölt,39,3.155334700105663e-05
lör,39,3.155334700105663e-05
wüc,39,3.155334700105663e-05
Mös,39,3.155334700105663e-05
möo,38,3.074428682154236e-05
Gäu,38,3.074428682154236e-05
Öme,38,3.074428682154236e-05
köd,38,3.074428682154236e-05
zäm,38,3.074428682154236e-05
söl,38,3.074428682154236e-05
Süs,38,3.074428682154236e-05
ußp,38,3.074428682154236e-05
ußv,38,3.074428682154236e-05
Töd,38,3.074428682154236e-05
füb,37,2.9935226642028086e-05
Öku,37,2.9935226642028086e-05
wül,37,2.9935226642028086e-05
pöt,37,2.9935226642028086e-05
aßu,37,2.9935226642028086e-05
zän,37,2.9935226642028086e-05
Ölr,37,2.9935226642028086e-05
häb,37,2.9935226642028086e-05
höt,37,2.9935226642028086e-05
müß,37,2.9935226642028086e-05
aßi,37,2.9935226642028086e-05
Büf,37,2.9935226642028086e-05
Gök,37,2.9935226642028086e-05
zär,37,2.9935226642028086e-05
Füg,37,2.9935226642028086e-05
Küp,37,2.9935226642028086e-05
Häs,36,2.9126166462513816e-05
zür,36,2.9126166462513816e-05
nüf,36,2.9126166462513816e-05
Gög,36,2.9126166462513816e-05
Näs,36,2.9126166462513816e-05
Wöb,36,2.9126166462513816e-05
nße,35,2.8317106282999542e-05
säf,35,2.8317106282999542e-05
Büg,35,2.8317106282999542e-05
Öfe,35,2.8317106282999542e-05
ußn,35,2.8317106282999542e-05
pös,35,2.8317106282999542e-05
Yüc,35,2.8317106282999542e-05
Röb,35,2.8317106282999542e-05
Vöh,34,2.750804610348527e-05
Köb,34,2.750804610348527e-05
Rüe,34,2.750804610348527e-05
Ölb,33,2.6698985923970998e-05
sök,33,2.6698985923970998e-05
Tül,33,2.6698985923970998e-05
Göh,33,2.6698985923970998e-05
nül,33,2.6698985923970998e-05
räi,33,2.6698985923970998e-05
wät,33,2.6698985923970998e-05
läp,33,2.6698985923970998e-05
oßi,33,2.6698985923970998e-05
äuf,33,2.6698985923970998e-05
böl,32,2.5889925744456725e-05
Döl,32,2.5889925744456725e-05
löb,32,2.5889925744456725e-05
Ägä,32,2.5889925744456725e-05
Pöc,32,2.5889925744456725e-05
ißf,31,2.508086556494245e-05
eßn,31,2.508086556494245e-05
Güc,31,2.508086556494245e-05
Süp,31,2.508086556494245e-05
ÖRR,31,2.508086556494245e-05
Däh,31,2.508086556494245e-05
aßv,31,2.508086556494245e-05
Pös,31,2.508086556494245e-05
päp,30,2.4271805385428177e-05
läß,30,2.4271805385428177e-05
pän,30,2.4271805385428177e-05
Göd,30,2.4271805385428177e-05
äth,30,2.4271805385428177e-05
Lüs,30,2.4271805385428177e-05
Pöb,30,2.4271805385428177e-05
Äus,30,2.4271805385428177e-05
Wüt,30,2.4271805385428177e-05
Pör,29,2.3462745205913907e-05
Süm,29,2.3462745205913907e-05
Möw,29,2.3462745205913907e-05
güs,29,2.3462745205913907e-05
gäh,29,2.3462745205913907e-05
bül,29,2.3462745205913907e-05
näg,29,2.3462745205913907e-05
lüe,29,2.3462745205913907e-05
läo,29,2.3462745205913907e-05
läe,29,2.3462745205913907e-05
Döt,28,2.2653685026399634e-05
möh,28,2.2653685026399634e-05
tüd,28,2.2653685026399634e-05
Häb,28,2.2653685026399634e-05
aßf,28,2.2653685026399634e-05
eßg,28,2.2653685026399634e-05
uäu,28,2.2653685026399634e-05
Häc,28,2.2653685026399634e-05
Tüf,28,2.2653685026399634e-05
Gät,27,2.184462484688536e-05
Röc,27,2.184462484688536e-05
Föt,27,2.184462484688536e-05
Hös,27,2.184462484688536e-05
hüm,27,2.184462484688536e-05
täf,27,2.184462484688536e-05
ußf,27,2.184462484688536e-05
Läh,27,2.184462484688536e-05
ißv,27,2.184462484688536e-05
Öli,27,2.184462484688536e-05
büx,27,2.184462484688536e-05
Häp,26,2.103556466737109e-05
Häg,26,2.103556466737109e-05
Ölg,26,2.103556466737109e-05
tül,26,2.103556466737109e-05
Fäk,26,2.103556466737109e-05
säe,26,2.103556466737109e-05
Tüv,26,2.103556466737109e-05
Äck,26,2.103556466737109e-05
ißk,25,2.0226504487856816e-05
eßi,25,2.0226504487856816e-05
säk,25,2.0226504487856816e-05
näe,25,2.0226504487856816e-05
pön,25,2.0226504487856816e-05
Pää,25,2.0226504487856816e-05
Pät,25,2.0226504487856816e-05
Süt,24,1.9417444308342543e-05
Düb,24,1.9417444308342543e-05
näd,24,1.9417444308342543e-05
Züs,24,1.9417444308342543e-05
RÜS,24,1.9417444308342543e-05
aßr,24,1.9417444308342543e-05
Süc,24,1.9417444308342543e-05
süf,24,1.9417444308342543e-05
ätz,23,1.860838412882827e-05
köt,23,1.860838412882827e-05
röe,23,1.860838412882827e-05
räß,23,1.860838412882827e-05
eäc,23,1.860838412882827e-05
Rül,23,1.860838412882827e-05
Ött,23,1.860838412882827e-05
Wäd,23,1.860838412882827e-05
Düf,23,1.860838412882827e-05
Käp,23,1.860838412882827e-05
Fän,23,1.860838412882827e-05
fäu,22,1.7799323949314e-05
Höp,22,1.7799323949314e-05
Wüh,22,1.7799323949314e-05
fök,22,1.7799323949314e-05
lüd,22,1.7799323949314e-05
Däb,22,1.7799323949314e-05
Tös,21,1.6990263769799725e-05
Dül,21,1.6990263769799725e-05
Püh,21,1.6990263769799725e-05
Lüh,21,1.6990263769799725e-05
Özt,21,1.6990263769799725e-05
Öla,20,1.618120359028545e-05
söf,20,1.618120359028545e-05
hüh,20,1.618120359028545e-05
fäs,20,1.618120359028545e-05
käp,20,1.618120359028545e-05
zön,20,1.618120359028545e-05
Özl,20,1.618120359028545e-05
Röl,20,1.618120359028545e-05
Rün,20,1.618120359028545e-05
SÜD,20,1.618120359028545e-05
Zär,20,1.618120359028545e-05
Nüc,19,1.537214341077118e-05
Döh,19,1.537214341077118e-05
ÖDP,19,1.537214341077118e-05
Gäb,19,1.537214341077118e-05
ühl,19,1.537214341077118e-05
eßm,19,1.537214341077118e-05
Böv,19,1.537214341077118e-05
Dös,19,1.537214341077118e-05
Bäh,19,1.537214341077118e-05
tök,19,1.537214341077118e-05
Wüm,19,1.537214341077118e-05
lür,19,1.537214341077118e-05
BÖR,18,1.4563083231256908e-05
aßk,18,1.4563083231256908e-05
Bäs,18,1.4563083231256908e-05
düp,18,1.4563083231256908e-05
Rüm,18,1.4563083231256908e-05
uän,18,1.4563083231256908e-05
mäk,18,1.4563083231256908e-05
Tüp,18,1.4563083231256908e-05
ÖBA,18,1.4563083231256908e-05
Göß,18,1.4563083231256908e-05
Tüm,18,1.4563083231256908e-05
üch,18,1.4563083231256908e-05
Mäz,18,1.4563083231256908e-05
Rüp,18,1.4563083231256908e-05
Kög,18,1.4563083231256908e-05
Mäß,18,1.4563083231256908e-05
RÜN,18,1.4563083231256908e-05
oßü,18,1.4563083231256908e-05
eßz,18,1.4563083231256908e-05
päl,18,1.4563083231256908e-05
räk,17,1.3754023051742634e-05
mök,17,1.3754023051742634e-05
Nöl,17,1.3754023051742634e-05
Üba,17,1.3754023051742634e-05
Gäh,17,1.3754023051742634e-05
örd,17,1.3754023051742634e-05
Ägi,16,1.2944962872228362e-05
Ülk,16,1.2944962872228362e-05
däp,16,1.2944962872228362e-05
ühr,16,1.2944962872228362e-05
Sär,16,1.2944962872228362e-05
Töf,16,1.2944962872228362e-05
Müg,16,1.2944962872228362e-05
Pöh,16,1.2944962872228362e-05
Rüf,16,1.2944962872228362e-05
oßn,16,1.2944962872228362e-05
üft,16,1.2944962872228362e-05
ißd,16,1.2944962872228362e-05
eßw,16,1.2944962872228362e-05
öck,16,1.2944962872228362e-05
Säf,15,1.2135902692714089e-05
Lür,15,1.2135902692714089e-05
ußk,15,1.2135902692714089e-05
Röß,15,1.2135902692714089e-05
Älp,15,1.2135902692714089e-05
rüe,15,1.2135902692714089e-05
aüb,15,1.2135902692714089e-05
Tör,15,1.2135902692714089e-05
töv,15,1.2135902692714089e-05
Ölw,15,1.2135902692714089e-05
zöf,15,1.2135902692714089e-05
yör,15,1.2135902692714089e-05
Höb,15,1.2135902692714089e-05
Cäs,15,1.2135902692714089e-05
ück,15,1.2135902692714089e-05
öde,15,1.2135902692714089e-05
Fös,15,1.2135902692714089e-05
häp,15,1.2135902692714089e-05
büf,15,1.2135902692714089e-05
übb,15,1.2135902692714089e-05
föG,15,1.2135902692714089e-05
Kül,15,1.2135902692714089e-05
eßp,15,1.2135902692714089e-05
jür,14,1.1326842513199817e-05
Äff,14,1.1326842513199817e-05
Özk,14,1.1326842513199817e-05
ÖAW,14,1.1326842513199817e-05
Öbe,14,1.1326842513199817e-05
Eßl,14,1.1326842513199817e-05
eüs,14,1.1326842513199817e-05
eäs,14,1.1326842513199817e-05
Jär,14,1.1326842513199817e-05
sör,14,1.1326842513199817e-05
eßr,14,1.1326842513199817e-05
Küg,14,1.1326842513199817e-05
Räb,14,1.1326842513199817e-05
Räi,14,1.1326842513199817e-05
Föö,14,1.1326842513199817e-05
NÜR,14,1.1326842513199817e-05
räq,14,1.1326842513199817e-05
äte,14,1.1326842513199817e-05
lök,14,1.1326842513199817e-05
kük,14,1.1326842513199817e-05
süs,14,1.1326842513199817e-05
aßw,14,1.1326842513199817e-05
Büe,13,1.0517782333685545e-05
ußr,13,1.0517782333685545e-05
rße,13,1.0517782333685545e-05
Ösi,13,1.0517782333685545e-05
eßh,13,1.0517782333685545e-05
Öts,13,1.0517782333685545e-05
häk,13,1.0517782333685545e-05
eßa,13,1.0517782333685545e-05
Mäs,13,1.0517782333685545e-05
räe,13,1.0517782333685545e-05
löp,13,1.0517782333685545e-05
ÖTV,13,1.0517782333685545e-05
ußd,13,1.0517782333685545e-05
Öln,13,1.0517782333685545e-05
Wös,13,1.0517782333685545e-05
Güv,13,1.0517782333685545e-05
Röp,13,1.0517782333685545e-05
Päp,13,1.0517782333685545e-05
süh,13,1.0517782333685545e-05
ißc,13,1.0517782333685545e-05
Näf,13,1.0517782333685545e-05
Öba,13,1.0517782333685545e-05
Läg,13,1.0517782333685545e-05
eäh,13,1.0517782333685545e-05
vör,12,9.708722154171271e-06
Höd,12,9.708722154171271e-06
ämp,12,9.708722154171271e-06
ÖOC,12,9.708722154171271e-06
Jüt,12,9.708722154171271e-06
füc,12,9.708722154171271e-06
Höj,12,9.708722154171271e-06
päß,12,9.708722154171271e-06
böi,12,9.708722154171271e-06
nök,12,9.708722154171271e-06
Püs,12,9.708722154171271e-06
aßh,12,9.708722154171271e-06
hüf,12,9.708722154171271e-06
Föl,12,9.708722154171271e-06
DÜS,12,9.708722154171271e-06
eßü,12,9.708722154171271e-06
Ölu,12,9.708722154171271e-06
Zöp,12,9.708722154171271e-06
Cäc,12,9.708722154171271e-06
Wäg,12,9.708722154171271e-06
aßd,12,9.708722154171271e-06
köf,12,9.708722154171271e-06
När,11,8.899661974657e-06
Häß,11,8.899661974657e-06
Aßm,11,8.899661974657e-06
Üna,11,8.899661974657e-06
rük,11,8.899661974657e-06
Däu,11,8.899661974657e-06
Döm,11,8.899661974657e-06
Wöc,11,8.899661974657e-06
ürg,11,8.899661974657e-06
Düz,11,8.899661974657e-06
Süh,11,8.899661974657e-06
dön,11,8.899661974657e-06
Mät,11,8.899661974657e-06
Möt,11,8.899661974657e-06
ÖAA,11,8.899661974657e-06
Öhl,11,8.899661974657e-06
Zäp,11,8.899661974657e-06
Rög,11,8.899661974657e-06
mäb,11,8.899661974657e-06
BÄK,11,8.899661974657e-06
ürf,11,8.899661974657e-06
Äch,11,8.899661974657e-06
Nös,11,8.899661974657e-06
ußh,10,8.090601795142726e-06
Päh,10,8.090601795142726e-06
Püc,10,8.090601795142726e-06
aßa,10,8.090601795142726e-06
mäa,10,8.090601795142726e-06
ünd,10,8.090601795142726e-06
Lön,10,8.090601795142726e-06
Küt,10,8.090601795142726e-06
Jäk,10,8.090601795142726e-06
höm,10,8.090601795142726e-06
KÜS,10,8.090601795142726e-06
füs,10,8.090601795142726e-06
bäh,10,8.090601795142726e-06
gäl,10,8.090601795142726e-06
däu,10,8.090601795142726e-06
täq,10,8.090601795142726e-06
Äsc,10,8.090601795142726e-06
Hüm,10,8.090601795142726e-06
nük,10,8.090601795142726e-06
Büß,10,8.090601795142726e-06
ütt,10,8.090601795142726e-06
Täs,10,8.090601795142726e-06
Höe,10,8.090601795142726e-06
Dät,10,8.090601795142726e-06
öer,10,8.090601795142726e-06
Ätn,10,8.090601795142726e-06
Gäm,9,7.281541615628454e-06
Röv,9,7.281541615628454e-06
sül,9,7.281541615628454e-06
Ödl,9,7.281541615628454e-06
ürk,9,7.281541615628454e-06
Tün,9,7.281541615628454e-06
wäm,9,7.281541615628454e-06
iäm,9,7.281541615628454e-06
jät,9,7.281541615628454e-06
Wüb,9,7.281541615628454e-06
Räc,9,7.281541615628454e-06
Käß,9,7.281541615628454e-06
hös,9,7.281541615628454e-06
mön,9,7.281541615628454e-06
äge,9,7.281541615628454e-06
Püp,9,7.281541615628454e-06
pöö,9,7.281541615628454e-06
läi,9,7.281541615628454e-06
Önc,9,7.281541615628454e-06
Äbt,9,7.281541615628454e-06
Bök,9,7.281541615628454e-06
Öhr,9,7.281541615628454e-06
Fög,9,7.281541615628454e-06
Jäc,9,7.281541615628454e-06
Köß,9,7.281541615628454e-06
wön,8,6.472481436114181e-06
Zöc,8,6.472481436114181e-06
föl,8,6.472481436114181e-06
yän,8,6.472481436114181e-06
jöl,8,6.472481436114181e-06
mös,8,6.472481436114181e-06
öli,8,6.472481436114181e-06
Ähr,8,6.472481436114181e-06
Röi,8,6.472481436114181e-06
fäf,8,6.472481436114181e-06
güe,8,6.472481436114181e-06
Büy,8,6.472481436114181e-06
ÖHB,8,6.472481436114181e-06
Rür,8,6.472481436114181e-06
ürd,8,6.472481436114181e-06
kän,8,6.472481436114181e-06
föt,8,6.472481436114181e-06
güm,8,6.472481436114181e-06
Löl,8,6.472481436114181e-06
Häd,8,6.472481436114181e-06
Örn,8,6.472481436114181e-06
Rör,8,6.472481436114181e-06
Tüs,8,6.472481436114181e-06
Sök,8,6.472481436114181e-06
Güm,8,6.472481436114181e-06
äck,8,6.472481436114181e-06
üss,8,6.472481436114181e-06
TÜP,8,6.472481436114181e-06
Öch,8,6.472481436114181e-06
Käh,8,6.472481436114181e-06
Lät,7,5.663421256599908e-06
Mäg,7,5.663421256599908e-06
Söc,7,5.663421256599908e-06
räa,7,5.663421256599908e-06
ÖRV,7,5.663421256599908e-06
Ück,7,5.663421256599908e-06
Höw,7,5.663421256599908e-06
läa,7,5.663421256599908e-06
lüv,7,5.663421256599908e-06
Böm,7,5.663421256599908e-06
ünf,7,5.663421256599908e-06
ÖRK,7,5.663421256599908e-06
AöR,7,5.663421256599908e-06
Öti,7,5.663421256599908e-06
pöl,7,5.663421256599908e-06
Düd,7,5.663421256599908e-06
Ümm,7,5.663421256599908e-06
KÖL,7,5.663421256599908e-06
Oßw,7,5.663421256599908e-06
jäm,7,5.663421256599908e-06
Nüd,7,5.663421256599908e-06
Öca,7,5.663421256599908e-06
Sög,7,5.663421256599908e-06
Räs,7,5.663421256599908e-06
wög,7,5.663421256599908e-06
güb,7,5.663421256599908e-06
jär,7,5.663421256599908e-06
GÖG,7,5.663421256599908e-06
löm,7,5.663421256599908e-06
Jüg,7,5.663421256599908e-06
iöl,7,5.663421256599908e-06
ißz,7,5.663421256599908e-06
äul,7,5.663421256599908e-06
Lüm,7,5.663421256599908e-06
gör,7,5.663421256599908e-06
äle,7,5.663421256599908e-06
ämt,7,5.663421256599908e-06
göz,7,5.663421256599908e-06
Böw,6,4.854361077085636e-06
zäc,6,4.854361077085636e-06
müf,6,4.854361077085636e-06
Hüd,6,4.854361077085636e-06
Änn,6,4.854361077085636e-06
Nüß,6,4.854361077085636e-06
Öld,6,4.854361077085636e-06
häg,6,4.854361077085636e-06
RÜC,6,4.854361077085636e-06
Züh,6,4.854361077085636e-06
Düc,6,4.854361077085636e-06
Söt,6,4.854361077085636e-06
üle,6,4.854361077085636e-06
Üst,6,4.854361077085636e-06
Öze,6,4.854361077085636e-06
gäß,6,4.854361077085636e-06
Täf,6,4.854361077085636e-06
ßle,6,4.854361077085636e-06
düf,6,4.854361077085636e-06
Ölq,6,4.854361077085636e-06
Cöm,6,4.854361077085636e-06
ÖHV,6,4.854361077085636e-06
Ürü,6,4.854361077085636e-06
tää,6,4.854361077085636e-06
Hüi,6,4.854361077085636e-06
aßp,6,4.854361077085636e-06
ÖKB,6,4.854361077085636e-06
hüß,6,4.854361077085636e-06
üka,6,4.854361077085636e-06
Där,6,4.854361077085636e-06
Cöl,6,4.854361077085636e-06
eäm,6,4.854361077085636e-06
Löö,6,4.854361077085636e-06
FÜR,6,4.854361077085636e-06
ÖKO,6,4.854361077085636e-06
Läp,6,4.854361077085636e-06
Söf,6,4.854361077085636e-06
Örj,6,4.854361077085636e-06
Lüp,6,4.854361077085636e-06
Gäc,6,4.854361077085636e-06
Jüc,6,4.854361077085636e-06
aök,6,4.854361077085636e-06
Düp,6,4.854361077085636e-06
däh,5,4.045300897571363e-06
Güd,5,4.045300897571363e-06
ärk,5,4.045300897571363e-06
täs,5,4.045300897571363e-06
Düt,5,4.045300897571363e-06
ußz,5,4.045300897571363e-06
ßen,5,4.045300897571363e-06
Pül,5,4.045300897571363e-06
üns,5,4.045300897571363e-06
uäm,5,4.045300897571363e-06
eök,5,4.045300897571363e-06
rää,5,4.045300897571363e-06
Köm,5,4.045300897571363e-06
rüz,5,4.045300897571363e-06
zäp,5,4.045300897571363e-06
Hüx,5,4.045300897571363e-06
kät,5,4.045300897571363e-06
üti,5,4.045300897571363e-06
ÖEH,5,4.045300897571363e-06
ölf,5,4.045300897571363e-06
Ösc,5,4.045300897571363e-06
döf,5,4.045300897571363e-06
höd,5,4.045300897571363e-06
Däl,5,4.045300897571363e-06
ürm,5,4.045300897571363e-06
Föc,5,4.045300897571363e-06
OÖV,5,4.045300897571363e-06
Mäk,5,4.045300897571363e-06
möw,5,4.045300897571363e-06
däa,5,4.045300897571363e-06
gÄq,5,4.045300897571363e-06
ÖIA,5,4.045300897571363e-06
wäe,5,4.045300897571363e-06
äht,5,4.045300897571363e-06
Özg,5,4.045300897571363e-06
Ötl,5,4.045300897571363e-06
Pöp,5,4.045300897571363e-06
Nüm,5,4.045300897571363e-06
Öde,5,4.045300897571363e-06
Ödn,5,4.045300897571363e-06
nöG,5,4.045300897571363e-06
Ähm,5,4.045300897571363e-06
Ödö,5,4.045300897571363e-06
ußj,5,4.045300897571363e-06
lüß,5,4.045300897571363e-06
düz,5,4.045300897571363e-06
Jät,5,4.045300897571363e-06
Fön,5,4.045300897571363e-06
ÖGD,5,4.045300897571363e-06
müp,5,4.045300897571363e-06
Zäi,5,4.045300897571363e-06
tüs,5,4.045300897571363e-06
hök,5,4.045300897571363e-06
ÖBV,5,4.045300897571363e-06
Höm,5,4.045300897571363e-06
MÜS,5,4.045300897571363e-06
mäp,5,4.045300897571363e-06
nöb,5,4.045300897571363e-06
ßte,5,4.045300897571363e-06
yüp,4,3.2362407180570906e-06
Käb,4,3.2362407180570906e-06
Häa,4,3.2362407180570906e-06
küg,4,3.2362407180570906e-06
Öve,4,3.2362407180570906e-06
Köv,4,3.2362407180570906e-06
böa,4,3.2362407180570906e-06
Eöt,4,3.2362407180570906e-06
Güh,4,3.2362407180570906e-06
Tög,4,3.2362407180570906e-06
NÄR,4,3.2362407180570906e-06
Güg,4,3.2362407180570906e-06
örs,4,3.2362407180570906e-06
Büm,4,3.2362407180570906e-06
bäi,4,3.2362407180570906e-06
VÖZ,4,3.2362407180570906e-06
häi,4,3.2362407180570906e-06
öne,4,3.2362407180570906e-06
jäl,4,3.2362407180570906e-06
äde,4,3.2362407180570906e-06
vär,4,3.2362407180570906e-06
püh,4,3.2362407180570906e-06
zöd,4,3.2362407180570906e-06
Öge,4,3.2362407180570906e-06
läz,4,3.2362407180570906e-06
ÖJA,4,3.2362407180570906e-06
FÖJ,4,3.2362407180570906e-06
Bük,4,3.2362407180570906e-06
Säk,4,3.2362407180570906e-06
Jöc,4,3.2362407180570906e-06
Jöh,4,3.2362407180570906e-06
iäu,4,3.2362407180570906e-06
uäd,4,3.2362407180570906e-06
mäe,4,3.2362407180570906e-06
Zöt,4,3.2362407180570906e-06
Äxt,4,3.2362407180570906e-06
Yük,4,3.2362407180570906e-06
ürs,4,3.2362407180570906e-06
Lög,4,3.2362407180570906e-06
Aßl,4,3.2362407180570906e-06
äll,4,3.2362407180570906e-06
küt,4,3.2362407180570906e-06
üll,4,3.2362407180570906e-06
NÖA,4,3.2362407180570906e-06
kög,4,3.2362407180570906e-06
ähe,4,3.2362407180570906e-06
Ödi,4,3.2362407180570906e-06
Göc,4,3.2362407180570906e-06
Pön,4,3.2362407180570906e-06
Kök,4,3.2362407180570906e-06
zäa,4,3.2362407180570906e-06
ÖIF,4,3.2362407180570906e-06
Fät,4,3.2362407180570906e-06
änn,4,3.2362407180570906e-06
Nöh,4,3.2362407180570906e-06
tüz,4,3.2362407180570906e-06
Öza,4,3.2362407180570906e-06
hüü,4,3.2362407180570906e-06
röz,4,3.2362407180570906e-06
eßv,4,3.2362407180570906e-06
Möp,4,3.2362407180570906e-06
rüü,4,3.2362407180570906e-06
ÖWA,4,3.2362407180570906e-06
ölp,4,3.2362407180570906e-06
Pök,4,3.2362407180570906e-06
löz,4,3.2362407180570906e-06
säb,4,3.2362407180570906e-06
öfl,4,3.2362407180570906e-06
iäh,4,3.2362407180570906e-06
Möm,4,3.2362407180570906e-06
Läß,4,3.2362407180570906e-06
Nüz,4,3.2362407180570906e-06
Süf,4,3.2362407180570906e-06
Pöm,4,3.2362407180570906e-06
BÖL,4,3.2362407180570906e-06
Zöb,4,3.2362407180570906e-06
iön,4,3.2362407180570906e-06
täc,4,3.2362407180570906e-06
läb,3,2.427180538542818e-06
Jöb,3,2.427180538542818e-06
Jüb,3,2.427180538542818e-06
öni,3,2.427180538542818e-06
Päu,3,2.427180538542818e-06
güz,3,2.427180538542818e-06
löC,3,2.427180538542818e-06
SÖP,3,2.427180538542818e-06
bök,3,2.427180538542818e-06
Wüe,3,2.427180538542818e-06
yür,3,2.427180538542818e-06
pöc,3,2.427180538542818e-06
VÖB,3,2.427180538542818e-06
böm,3,2.427180538542818e-06
Sür,3,2.427180538542818e-06
oßj,3,2.427180538542818e-06
pök,3,2.427180538542818e-06
döb,3,2.427180538542818e-06
Düw,3,2.427180538542818e-06
räj,3,2.427180538542818e-06
Nöc,3,2.427180538542818e-06
pöm,3,2.427180538542818e-06
Nök,3,2.427180538542818e-06
üth,3,2.427180538542818e-06
Küf,3,2.427180538542818e-06
nöh,3,2.427180538542818e-06
mät,3,2.427180538542818e-06
Örs,3,2.427180538542818e-06
nüa,3,2.427180538542818e-06
Mää,3,2.427180538542818e-06
Lök,3,2.427180538542818e-06
Vän,3,2.427180538542818e-06
büe,3,2.427180538542818e-06
täe,3,2.427180538542818e-06
müg,3,2.427180538542818e-06
dül,3,2.427180538542818e-06
Göz,3,2.427180538542818e-06
KÖS,3,2.427180538542818e-06
Güe,3,2.427180538542818e-06
bäs,3,2.427180538542818e-06
üge,3,2.427180538542818e-06
äsc,3,2.427180538542818e-06
wäi,3,2.427180538542818e-06
hüe,3,2.427180538542818e-06
süe,3,2.427180538542818e-06
Wüp,3,2.427180538542818e-06
nät,3,2.427180538542818e-06
Böö,3,2.427180538542818e-06
ürz,3,2.427180538542818e-06
dät,3,2.427180538542818e-06
Söz,3,2.427180538542818e-06
Läb,3,2.427180538542818e-06
äqu,3,2.427180538542818e-06
dök,3,2.427180538542818e-06
Ümi,3,2.427180538542818e-06
röö,3,2.427180538542818e-06
nßl,3,2.427180538542818e-06
död,3,2.427180538542818e-06
Füm,3,2.427180538542818e-06
Füe,3,2.427180538542818e-06
FÖD,3,2.427180538542818e-06
SÖD,3,2.427180538542818e-06
Räk,3,2.427180538542818e-06
Näp,3,2.427180538542818e-06
süt,3,2.427180538542818e-06
NÖs,3,2.427180538542818e-06
ölv,3,2.427180538542818e-06
RÜB,3,2.427180538542818e-06
täp,3,2.427180538542818e-06
güß,3,2.427180538542818e-06
UßE,3,2.427180538542818e-06
Nüe,3,2.427180538542818e-06
ÖSP,3,2.427180538542818e-06
büz,3,2.427180538542818e-06
söc,3,2.427180538542818e-06
öle,3,2.427180538542818e-06
Büx,3,2.427180538542818e-06
ÖLV,3,2.427180538542818e-06
ÖZI,3,2.427180538542818e-06
Züb,3,2.427180538542818e-06
Wöß,3,2.427180538542818e-06
ißq,3,2.427180538542818e-06
ÜBE,3,2.427180538542818e-06
Zör,3,2.427180538542818e-06
Düü,3,2.427180538542818e-06
Böi,3,2.427180538542818e-06
ühe,3,2.427180538542818e-06
säi,3,2.427180538542818e-06
yög,3,2.427180538542818e-06
ÖGP,3,2.427180538542818e-06
ÖAV,3,2.427180538542818e-06
yße,3,2.427180538542818e-06
Lük,3,2.427180538542818e-06
aßz,3,2.427180538542818e-06
Höi,3,2.427180538542818e-06
Vör,3,2.427180538542818e-06
Üff,3,2.427180538542818e-06
Üfi,3,2.427180538542818e-06
Gäf,3,2.427180538542818e-06
GÖD,3,2.427180538542818e-06
GÜT,3,2.427180538542818e-06
Ült,3,2.427180538542818e-06
Jöl,3,2.427180538542818e-06
Löv,3,2.427180538542818e-06
Löd,3,2.427180538542818e-06
Käg,3,2.427180538542818e-06
Güz,3,2.427180538542818e-06
mäz,3,2.427180538542818e-06
Död,3,2.427180538542818e-06
döt,3,2.427180538542818e-06
röv,3,2.427180538542818e-06
RÄG,2,1.6181203590285453e-06
eät,2,1.6181203590285453e-06
püt,2,1.6181203590285453e-06
uäk,2,1.6181203590285453e-06
eäe,2,1.6181203590285453e-06
uüc,2,1.6181203590285453e-06
küf,2,1.6181203590285453e-06
KÖR,2,1.6181203590285453e-06
ÖPV,2,1.6181203590285453e-06
WÄH,2,1.6181203590285453e-06
üna,2,1.6181203590285453e-06
süp,2,1.6181203590285453e-06
oär,2,1.6181203590285453e-06
mäi,2,1.6181203590285453e-06
Jös,2,1.6181203590285453e-06
KÖN,2,1.6181203590285453e-06
göl,2,1.6181203590285453e-06
nüm,2,1.6181203590285453e-06
WÜR,2,1.6181203590285453e-06
säp,2,1.6181203590285453e-06
düü,2,1.6181203590285453e-06
FÜN,2,1.6181203590285453e-06
Vöt,2,1.6181203590285453e-06
Jäs,2,1.6181203590285453e-06
göf,2,1.6181203590285453e-06
Müß,2,1.6181203590285453e-06
nüw,2,1.6181203590285453e-06
Rüü,2,1.6181203590285453e-06
Jää,2,1.6181203590285453e-06
JöH,2,1.6181203590285453e-06
fäk,2,1.6181203590285453e-06
Zön,2,1.6181203590285453e-06
däi,2,1.6181203590285453e-06
käi,2,1.6181203590285453e-06
Räp,2,1.6181203590285453e-06
Räh,2,1.6181203590285453e-06
söm,2,1.6181203590285453e-06
Möz,2,1.6181203590285453e-06
Räg,2,1.6181203590285453e-06
öll,2,1.6181203590285453e-06
Zäc,2,1.6181203590285453e-06
Mäx,2,1.6181203590285453e-06
Väs,2,1.6181203590285453e-06
Röw,2,1.6181203590285453e-06
yök,2,1.6181203590285453e-06
Vöp,2,1.6181203590285453e-06
hög,2,1.6181203590285453e-06
äla,2,1.6181203590285453e-06
zöp,2,1.6181203590285453e-06
müm,2,1.6181203590285453e-06
Özo,2,1.6181203590285453e-06
wää,2,1.6181203590285453e-06
Äte,2,1.6181203590285453e-06
ÖVV,2,1.6181203590285453e-06
hüj,2,1.6181203590285453e-06
öGI,2,1.6181203590285453e-06
nÜb,2,1.6181203590285453e-06
ölb,2,1.6181203590285453e-06
FÖG,2,1.6181203590285453e-06
öls,2,1.6181203590285453e-06
zök,2,1.6181203590285453e-06
ölh,2,1.6181203590285453e-06
Dög,2,1.6181203590285453e-06
Öre,2,1.6181203590285453e-06
Döc,2,1.6181203590285453e-06
Ürd,2,1.6181203590285453e-06
Öse,2,1.6181203590285453e-06
Öpf,2,1.6181203590285453e-06
Öno,2,1.6181203590285453e-06
Öne,2,1.6181203590285453e-06
Üpp,2,1.6181203590285453e-06
LÜH,2,1.6181203590285453e-06
Ölü,2,1.6181203590285453e-06
Ölz,2,1.6181203590285453e-06
Ökö,2,1.6181203590285453e-06
üro,2,1.6181203590285453e-06
Üns,2,1.6181203590285453e-06
ußo,2,1.6181203590285453e-06
gät,2,1.6181203590285453e-06
HÖR,2,1.6181203590285453e-06
ÖAK,2,1.6181203590285453e-06
Özm,2,1.6181203590285453e-06
müü,2,1.6181203590285453e-06
ÖÄK,2,1.6181203590285453e-06
iäd,2,1.6181203590285453e-06
ßig,2,1.6181203590285453e-06
Zöh,2,1.6181203590285453e-06
rßg,2,1.6181203590285453e-06
ÖKA,2,1.6181203590285453e-06
süü,2,1.6181203590285453e-06
ükd,2,1.6181203590285453e-06
ÖGV,2,1.6181203590285453e-06
ÖGf,2,1.6181203590285453e-06
tüp,2,1.6181203590285453e-06
BÜN,2,1.6181203590285453e-06
ÖJV,2,1.6181203590285453e-06
ült,2,1.6181203590285453e-06
ÖVI,2,1.6181203590285453e-06
böf,2,1.6181203590285453e-06
Äni,2,1.6181203590285453e-06
hää,2,1.6181203590285453e-06
Düv,2,1.6181203590285453e-06
pöh,2,1.6181203590285453e-06
jän,2,1.6181203590285453e-06
Böß,2,1.6181203590285453e-06
Bäm,2,1.6181203590285453e-06
Bäß,2,1.6181203590285453e-06
Bää,2,1.6181203590285453e-06
Äge,2,1.6181203590285453e-06
yün,2,1.6181203590285453e-06
Özb,2,1.6181203590285453e-06
ÖBF,2,1.6181203590285453e-06
ÖBf,2,1.6181203590285453e-06
Süw,2,1.6181203590285453e-06
Möv,2,1.6181203590285453e-06
äis,2,1.6181203590285453e-06
Köy,2,1.6181203590285453e-06
kää,2,1.6181203590285453e-06
Jäp,2,1.6181203590285453e-06
Göf,2,1.6181203590285453e-06
Lüe,2,1.6181203590285453e-06
MÜG,2,1.6181203590285453e-06
MÄR,2,1.6181203590285453e-06
Mäv,2,1.6181203590285453e-06
KöS,2,1.6181203590285453e-06
pöd,2,1.6181203590285453e-06
Hök,2,1.6181203590285453e-06
LÜB,2,1.6181203590285453e-06
rüw,2,1.6181203590285453e-06
Cüp,2,1.6181203590285453e-06
BÄR,2,1.6181203590285453e-06
Öhi,2,1.6181203590285453e-06
göw,2,1.6181203590285453e-06
gäp,2,1.6181203590285453e-06
sös,2,1.6181203590285453e-06
xüb,2,1.6181203590285453e-06
aöl,2,1.6181203590285453e-06
GÖT,2,1.6181203590285453e-06
Häi,2,1.6181203590285453e-06
räw,2,1.6181203590285453e-06
örf,2,1.6181203590285453e-06
käh,2,1.6181203590285453e-06
nÖk,2,1.6181203590285453e-06
Eßw,2,1.6181203590285453e-06
Hüz,2,1.6181203590285453e-06
Hüw,2,1.6181203590285453e-06
TÄT,2,1.6181203590285453e-06
HÖS,2,1.6181203590285453e-06
füx,2,1.6181203590285453e-06
Töv,2,1.6181203590285453e-06
Töm,2,1.6181203590285453e-06
Göw,2,1.6181203590285453e-06
wöd,2,1.6181203590285453e-06
PÖl,2,1.6181203590285453e-06
Güb,2,1.6181203590285453e-06
jüh,2,1.6181203590285453e-06
fös,2,1.6181203590285453e-06
üst,2,1.6181203590285453e-06
LÖZ,2,1.6181203590285453e-06
Dük,2,1.6181203590285453e-06
Rüß,2,1.6181203590285453e-06
üfr,2,1.6181203590285453e-06
ÜPF,2,1.6181203590285453e-06
ÜBA,2,1.6181203590285453e-06
Ölo,2,1.6181203590285453e-06
äfe,2,1.6181203590285453e-06
Ömm,2,1.6181203590285453e-06
nüü,2,1.6181203590285453e-06
RÖE,2,1.6181203590285453e-06
pää,2,1.6181203590285453e-06
DüV,2,1.6181203590285453e-06
OÖG,2,1.6181203590285453e-06
cäc,2,1.6181203590285453e-06
NÄC,2,1.6181203590285453e-06
Nöb,2,1.6181203590285453e-06
Säe,2,1.6181203590285453e-06
Väk,2,1.6181203590285453e-06
VÖE,2,1.6181203590285453e-06
tüw,2,1.6181203590285453e-06
Üsi,2,1.6181203590285453e-06
Ütt,2,1.6181203590285453e-06
ähm,2,1.6181203590285453e-06
ölr,2,1.6181203590285453e-06
Dää,2,1.6181203590285453e-06
DÖW,2,1.6181203590285453e-06
gäg,2,1.6181203590285453e-06
Eße,2,1.6181203590285453e-06
Wüg,2,1.6181203590285453e-06
jüt,2,1.6181203590285453e-06
ZÜB,2,1.6181203590285453e-06
Ärs,2,1.6181203590285453e-06
Äma,2,1.6181203590285453e-06
Äug,2,1.6181203590285453e-06
Äsk,2,1.6181203590285453e-06
ÖBS,2,1.6181203590285453e-06
Öfi,2,1.6181203590285453e-06
Öki,2,1.6181203590285453e-06
ÖJC,2,1.6181203590285453e-06
ÖHG,2,1.6181203590285453e-06
ÖGA,2,1.6181203590285453e-06
GöV,2,1.6181203590285453e-06
Tüß,2,1.6181203590285453e-06
üte,2,1.6181203590285453e-06
Köz,2,1.6181203590285453e-06
NÖG,2,1.6181203590285453e-06
Pöd,2,1.6181203590285453e-06
Gäl,2,1.6181203590285453e-06
zäi,2,1.6181203590285453e-06
lük,2,1.6181203590285453e-06
SÖR,2,1.6181203590285453e-06
LÄU,2,1.6181203590285453e-06
Säs,2,1.6181203590285453e-06
näf,2,1.6181203590285453e-06
Oßm,2,1.6181203590285453e-06
Nät,2,1.6181203590285453e-06
Aße,2,1.6181203590285453e-06
zäs,2,1.6181203590285453e-06
Röf,2,1.6181203590285453e-06
röw,2,1.6181203590285453e-06
oöf,1,8.090601795142726e-07
oßD,1,8.090601795142726e-07
däs,1,8.090601795142726e-07
Ämp,1,8.090601795142726e-07
PÄC,1,8.090601795142726e-07
Löß,1,8.090601795142726e-07
DÖB,1,8.090601795142726e-07
söz,1,8.090601795142726e-07
Düg,1,8.090601795142726e-07
GÄN,1,8.090601795142726e-07
Jüs,1,8.090601795142726e-07
Düe,1,8.090601795142726e-07
Läl,1,8.090601795142726e-07
Düi,1,8.090601795142726e-07
AßG,1,8.090601795142726e-07
nüd,1,8.090601795142726e-07
fÜb,1,8.090601795142726e-07
zör,1,8.090601795142726e-07
nöß,1,8.090601795142726e-07
üme,1,8.090601795142726e-07
ZÖP,1,8.090601795142726e-07
Lüw,1,8.090601795142726e-07
LÜN,1,8.090601795142726e-07
Läf,1,8.090601795142726e-07
örp,1,8.090601795142726e-07
wüm,1,8.090601795142726e-07
DÄN,1,8.090601795142726e-07
DÖC,1,8.090601795142726e-07
DÜV,1,8.090601795142726e-07
Jüm,1,8.090601795142726e-07
Döf,1,8.090601795142726e-07
oßq,1,8.090601795142726e-07
Däp,1,8.090601795142726e-07
ünt,1,8.090601795142726e-07
Dök,1,8.090601795142726e-07
JÜR,1,8.090601795142726e-07
öbi,1,8.090601795142726e-07
Jön,1,8.090601795142726e-07
Jök,1,8.090601795142726e-07
räx,1,8.090601795142726e-07
Cöp,1,8.090601795142726e-07
Cün,1,8.090601795142726e-07
HÖN,1,8.090601795142726e-07
Cät,1,8.090601795142726e-07
öpf,1,8.090601795142726e-07
Cäz,1,8.090601795142726e-07
uÄq,1,8.090601795142726e-07
Jöd,1,8.090601795142726e-07
ölt,1,8.090601795142726e-07
ött,1,8.090601795142726e-07
HÖF,1,8.090601795142726e-07
büd,1,8.090601795142726e-07
bäk,1,8.090601795142726e-07
Zäm,1,8.090601795142726e-07
töu,1,8.090601795142726e-07
vök,1,8.090601795142726e-07
göb,1,8.090601795142726e-07
Löe,1,8.090601795142726e-07
Löm,1,8.090601795142726e-07
nöu,1,8.090601795142726e-07
oös,1,8.090601795142726e-07
Löp,1,8.090601795142726e-07
hüo,1,8.090601795142726e-07
aßD,1,8.090601795142726e-07
rßt,1,8.090601795142726e-07
uäh,1,8.090601795142726e-07
iöf,1,8.090601795142726e-07
yäh,1,8.090601795142726e-07
WÄR,1,8.090601795142726e-07
fäa,1,8.090601795142726e-07
iÜb,1,8.090601795142726e-07
füf,1,8.090601795142726e-07
tÄr,1,8.090601795142726e-07
sür,1,8.090601795142726e-07
uüh,1,8.090601795142726e-07
aäh,1,8.090601795142726e-07
eüi,1,8.090601795142726e-07
täi,1,8.090601795142726e-07
älä,1,8.090601795142726e-07
cäG,1,8.090601795142726e-07
löi,1,8.090601795142726e-07
iüe,1,8.090601795142726e-07
mäB,1,8.090601795142726e-07
ügl,1,8.090601795142726e-07
bää,1,8.090601795142726e-07
süg,1,8.090601795142726e-07
üßt,1,8.090601795142726e-07
mßM,1,8.090601795142726e-07
Zöe,1,8.090601795142726e-07
säx,1,8.090601795142726e-07
Jüh,1,8.090601795142726e-07
Lüx,1,8.090601795142726e-07
läv,1,8.090601795142726e-07
Züt,1,8.090601795142726e-07
göp,1,8.090601795142726e-07
tüü,1,8.090601795142726e-07
aän,1,8.090601795142726e-07
Lüz,1,8.090601795142726e-07
iäv,1,8.090601795142726e-07
Zäw,1,8.090601795142726e-07
Zäz,1,8.090601795142726e-07
Zää,1,8.090601795142726e-07
ßna,1,8.090601795142726e-07
eün,1,8.090601795142726e-07
Zös,1,8.090601795142726e-07
Züf,1,8.090601795142726e-07
nüz,1,8.090601795142726e-07
nüv,1,8.090601795142726e-07
WÜD,1,8.090601795142726e-07
Lüß,1,8.090601795142726e-07
Lül,1,8.090601795142726e-07
sää,1,8.090601795142726e-07
Wöt,1,8.090601795142726e-07
güi,1,8.090601795142726e-07
Wöm,1,8.090601795142726e-07
güj,1,8.090601795142726e-07
bäe,1,8.090601795142726e-07
Däg,1,8.090601795142726e-07
GÜP,1,8.090601795142726e-07
öhr,1,8.090601795142726e-07
HÖC,1,8.090601795142726e-07
BÖB,1,8.090601795142726e-07
BÖE,1,8.090601795142726e-07
Hää,1,8.090601795142726e-07
üks,1,8.090601795142726e-07
ükg,1,8.090601795142726e-07
BÖI,1,8.090601795142726e-07
BÖP,1,8.090601795142726e-07
nüu,1,8.090601795142726e-07
rüx,1,8.090601795142726e-07
ßbr,1,8.090601795142726e-07
rür,1,8.090601795142726e-07
ükb,1,8.090601795142726e-07
BüZ,1,8.090601795142726e-07
HÄS,1,8.090601795142726e-07
KüF,1,8.090601795142726e-07
Iäm,1,8.090601795142726e-07
ßum,1,8.090601795142726e-07
düt,1,8.090601795142726e-07
Bäk,1,8.090601795142726e-07
Ißb,1,8.090601795142726e-07
Böf,1,8.090601795142726e-07
Bäw,1,8.090601795142726e-07
IÖD,1,8.090601795142726e-07
lÜb,1,8.090601795142726e-07
xän,1,8.090601795142726e-07
yüz,1,8.090601795142726e-07
vän,1,8.090601795142726e-07
ärä,1,8.090601795142726e-07
döp,1,8.090601795142726e-07
BÖZ,1,8.090601795142726e-07
ßch,1,8.090601795142726e-07
püi,1,8.090601795142726e-07
Gäa,1,8.090601795142726e-07
üne,1,8.090601795142726e-07
Göm,1,8.090601795142726e-07
lüB,1,8.090601795142726e-07
dög,1,8.090601795142726e-07
iäs,1,8.090601795142726e-07
döh,1,8.090601795142726e-07
Gäd,1,8.090601795142726e-07
Gää,1,8.090601795142726e-07
föf,1,8.090601795142726e-07
Gäß,1,8.090601795142726e-07
KÄN,1,8.090601795142726e-07
gäd,1,8.090601795142726e-07
ißä,1,8.090601795142726e-07
Bäb,1,8.090601795142726e-07
üüs,1,8.090601795142726e-07
mÜb,1,8.090601795142726e-07
Käe,1,8.090601795142726e-07
eÜb,1,8.090601795142726e-07
OßE,1,8.090601795142726e-07
Käd,1,8.090601795142726e-07
Käc,1,8.090601795142726e-07
däf,1,8.090601795142726e-07
hüd,1,8.090601795142726e-07
üky,1,8.090601795142726e-07
cäw,1,8.090601795142726e-07
BÜT,1,8.090601795142726e-07
Üxh,1,8.090601795142726e-07
oäq,1,8.090601795142726e-07
püz,1,8.090601795142726e-07
Füf,1,8.090601795142726e-07
RÖD,1,8.090601795142726e-07
TÄD,1,8.090601795142726e-07
SÖL,1,8.090601795142726e-07
jök,1,8.090601795142726e-07
lül,1,8.090601795142726e-07
zöv,1,8.090601795142726e-07
ZÖl,1,8.090601795142726e-07
göh,1,8.090601795142726e-07
aöm,1,8.090601795142726e-07
iöv,1,8.090601795142726e-07
füü,1,8.090601795142726e-07
lßl,1,8.090601795142726e-07
lßn,1,8.090601795142726e-07
RÄU,1,8.090601795142726e-07
IßI,1,8.090601795142726e-07
Eßs,1,8.090601795142726e-07
lüo,1,8.090601795142726e-07
öis,1,8.090601795142726e-07
lüx,1,8.090601795142726e-07
Föb,1,8.090601795142726e-07
ärs,1,8.090601795142726e-07
Jöt,1,8.090601795142726e-07
ußy,1,8.090601795142726e-07
wße,1,8.090601795142726e-07
FÖS,1,8.090601795142726e-07
FÜE,1,8.090601795142726e-07
ühw,1,8.090601795142726e-07
GÜF,1,8.090601795142726e-07
äti,1,8.090601795142726e-07
Eßm,1,8.090601795142726e-07
yßn,1,8.090601795142726e-07
küd,1,8.090601795142726e-07
RÜG,1,8.090601795142726e-07
Küß,1,8.090601795142726e-07
Göy,1,8.090601795142726e-07
jäj,1,8.090601795142726e-07
jöh,1,8.090601795142726e-07
LÖS,1,8.090601795142726e-07
lüG,1,8.090601795142726e-07
LÄR,1,8.090601795142726e-07
JÄh,1,8.090601795142726e-07
AÖL,1,8.090601795142726e-07
ßbe,1,8.090601795142726e-07
AÜW,1,8.090601795142726e-07
Aßw,1,8.090601795142726e-07
VÖG,1,8.090601795142726e-07
uäc,1,8.090601795142726e-07
väm,1,8.090601795142726e-07
kök,1,8.090601795142726e-07
Kää,1,8.090601795142726e-07
aßo,1,8.090601795142726e-07
löu,1,8.090601795142726e-07
Göö,1,8.090601795142726e-07
üdo,1,8.090601795142726e-07
iök,1,8.090601795142726e-07
Güf,1,8.090601795142726e-07
löa,1,8.090601795142726e-07
öhl,1,8.090601795142726e-07
aßA,1,8.090601795142726e-07
lüS,1,8.090601795142726e-07
köy,1,8.090601795142726e-07
LÜC,1,8.090601795142726e-07
Öbi,1,8.090601795142726e-07
ügu,1,8.090601795142726e-07
Mäi,1,8.090601795142726e-07
Mäp,1,8.090601795142726e-07
vüb,1,8.090601795142726e-07
ürl,1,8.090601795142726e-07
uöt,1,8.090601795142726e-07
uäg,1,8.090601795142726e-07
Müp,1,8.090601795142726e-07
Müm,1,8.090601795142726e-07
ünc,1,8.090601795142726e-07
eüa,1,8.090601795142726e-07
Püg,1,8.090601795142726e-07
aÜb,1,8.090601795142726e-07
füe,1,8.090601795142726e-07
Rüw,1,8.090601795142726e-07
Räm,1,8.090601795142726e-07
Räf,1,8.090601795142726e-07
ißR,1,8.090601795142726e-07
lüö,1,8.090601795142726e-07
Mäm,1,8.090601795142726e-07
MÄC,1,8.090601795142726e-07
Rää,1,8.090601795142726e-07
MÜH,1,8.090601795142726e-07
OÖR,1,8.090601795142726e-07
Oße,1,8.090601795142726e-07
Oßl,1,8.090601795142726e-07
Oßn,1,8.090601795142726e-07
OÖB,1,8.090601795142726e-07
SÖN,1,8.090601795142726e-07
mäq,1,8.090601795142726e-07
Mök,1,8.090601795142726e-07
MöS,1,8.090601795142726e-07
ääh,1,8.090601795142726e-07
Müf,1,8.090601795142726e-07
MüZ,1,8.090601795142726e-07
Möö,1,8.090601795142726e-07
Möß,1,8.090601795142726e-07
Häx,1,8.090601795142726e-07
MÜR,1,8.090601795142726e-07
MÜL,1,8.090601795142726e-07
RöL,1,8.090601795142726e-07
ösv,1,8.090601795142726e-07
häß,1,8.090601795142726e-07
Gäe,1,8.090601795142726e-07
iüu,1,8.090601795142726e-07
cÖl,1,8.090601795142726e-07
säd,1,8.090601795142726e-07
eöm,1,8.090601795142726e-07
iäM,1,8.090601795142726e-07
cät,1,8.090601795142726e-07
eäf,1,8.090601795142726e-07
nöe,1,8.090601795142726e-07
näß,1,8.090601795142726e-07
üüü,1,8.090601795142726e-07
söp,1,8.090601795142726e-07
süa,1,8.090601795142726e-07
eüä,1,8.090601795142726e-07
fäV,1,8.090601795142726e-07
tüe,1,8.090601795142726e-07
ütz,1,8.090601795142726e-07
iäg,1,8.090601795142726e-07
uär,1,8.090601795142726e-07
ööö,1,8.090601795142726e-07
oän,1,8.090601795142726e-07
räo,1,8.090601795142726e-07
möp,1,8.090601795142726e-07
uäs,1,8.090601795142726e-07
RÄÄ,1,8.090601795142726e-07
ÄÄC,1,8.090601795142726e-07
mää,1,8.090601795142726e-07
Päl,1,8.090601795142726e-07
Päo,1,8.090601795142726e-07
Päg,1,8.090601795142726e-07
Päf,1,8.090601795142726e-07
rüv,1,8.090601795142726e-07
PÜZ,1,8.090601795142726e-07
gßo,1,8.090601795142726e-07
kÜb,1,8.090601795142726e-07
gßt,1,8.090601795142726e-07
eöd,1,8.090601795142726e-07
nüe,1,8.090601795142726e-07
oüD,1,8.090601795142726e-07
OÖT,1,8.090601795142726e-07
Oßb,1,8.090601795142726e-07
eäp,1,8.090601795142726e-07
hüC,1,8.090601795142726e-07
sÜb,1,8.090601795142726e-07
TöB,1,8.090601795142726e-07
Töb,1,8.090601795142726e-07
Tüi,1,8.090601795142726e-07
TÜC,1,8.090601795142726e-07
Täc,1,8.090601795142726e-07
Täh,1,8.090601795142726e-07
ödp,1,8.090601795142726e-07
HÄN,1,8.090601795142726e-07
Tüü,1,8.090601795142726e-07
ümm,1,8.090601795142726e-07
täV,1,8.090601795142726e-07
jäc,1,8.090601795142726e-07
näx,1,8.090601795142726e-07
säq,1,8.090601795142726e-07
jöc,1,8.090601795142726e-07
aßB,1,8.090601795142726e-07
döa,1,8.090601795142726e-07
hüW,1,8.090601795142726e-07
füa,1,8.090601795142726e-07
Döi,1,8.090601795142726e-07
jös,1,8.090601795142726e-07
jög,1,8.090601795142726e-07
jöb,1,8.090601795142726e-07
däl,1,8.090601795142726e-07
gÖf,1,8.090601795142726e-07
käg,1,8.090601795142726e-07
ööf,1,8.090601795142726e-07
öge,1,8.090601795142726e-07
ähr,1,8.090601795142726e-07
iög,1,8.090601795142726e-07
eßc,1,8.090601795142726e-07
läw,1,8.090601795142726e-07
zäe,1,8.090601795142726e-07
LÄK,1,8.090601795142726e-07
RÜs,1,8.090601795142726e-07
wöb,1,8.090601795142726e-07
Vär,1,8.090601795142726e-07
Söv,1,8.090601795142726e-07
Sös,1,8.090601795142726e-07
Söß,1,8.090601795142726e-07
Söb,1,8.090601795142726e-07
Nün,1,8.090601795142726e-07
Nöd,1,8.090601795142726e-07
NÖL,1,8.090601795142726e-07
NÖK,1,8.090601795142726e-07
NÖF,1,8.090601795142726e-07
NÖB,1,8.090601795142726e-07
NÖM,1,8.090601795142726e-07
NÜÜ,1,8.090601795142726e-07
ÜNI,1,8.090601795142726e-07
NÜN,1,8.090601795142726e-07
NÖÄ,1,8.090601795142726e-07
NÖV,1,8.090601795142726e-07
NÖT,1,8.090601795142726e-07
NÖS,1,8.090601795142726e-07
Näd,1,8.090601795142726e-07
rßo,1,8.090601795142726e-07
häa,1,8.090601795142726e-07
fäg,1,8.090601795142726e-07
köv,1,8.090601795142726e-07
Tüd,1,8.090601795142726e-07
tüv,1,8.090601795142726e-07
Säü,1,8.090601795142726e-07
Söi,1,8.090601795142726e-07
Süa,1,8.090601795142726e-07
VöD,1,8.090601795142726e-07
Süi,1,8.090601795142726e-07
Süg,1,8.090601795142726e-07
Süv,1,8.090601795142726e-07
täw,1,8.090601795142726e-07
Löu,1,8.090601795142726e-07
Säh,1,8.090601795142726e-07
Säi,1,8.090601795142726e-07
SÄP,1,8.090601795142726e-07
SÄM,1,8.090601795142726e-07
SÜC,1,8.090601795142726e-07
bäj,1,8.090601795142726e-07
söt,1,8.090601795142726e-07
ßsn,1,8.090601795142726e-07
üpf,1,8.090601795142726e-07
ZÜG,1,8.090601795142726e-07
äre,1,8.090601795142726e-07
Äct,1,8.090601795142726e-07
Äli,1,8.090601795142726e-07
Äig,1,8.090601795142726e-07
Ähs,1,8.090601795142726e-07
Ähh,1,8.090601795142726e-07
Ähe,1,8.090601795142726e-07
Äpp,1,8.090601795142726e-07
Ärt,1,8.090601795142726e-07
ÖVL,1,8.090601795142726e-07
ÖTK,1,8.090601795142726e-07
ÖTE,1,8.090601795142726e-07
ÖSW,1,8.090601795142726e-07
ÖHU,1,8.090601795142726e-07
ÖHT,1,8.090601795142726e-07
ÖGÖ,1,8.090601795142726e-07
ÖMR,1,8.090601795142726e-07
ÖKR,1,8.090601795142726e-07
Äer,1,8.090601795142726e-07
Älv,1,8.090601795142726e-07
ÖKI,1,8.090601795142726e-07
ÖBI,1,8.090601795142726e-07
ödc,1,8.090601795142726e-07
öFI,1,8.090601795142726e-07
ävv,1,8.090601795142726e-07
öfe,1,8.090601795142726e-07
öhh,1,8.090601795142726e-07
ögh,1,8.090601795142726e-07
Übi,1,8.090601795142726e-07
wäa,1,8.090601795142726e-07
oög,1,8.090601795142726e-07
äut,1,8.090601795142726e-07
uüm,1,8.090601795142726e-07
töm,1,8.090601795142726e-07
höy,1,8.090601795142726e-07
Äti,1,8.090601795142726e-07
ÖEL,1,8.090601795142726e-07
ÖDB,1,8.090601795142726e-07
ÖCC,1,8.090601795142726e-07
ÖKL,1,8.090601795142726e-07
ÖKG,1,8.090601795142726e-07
iäe,1,8.090601795142726e-07
Väx,1,8.090601795142726e-07
VÖL,1,8.090601795142726e-07
VÖW,1,8.090601795142726e-07
VÖS,1,8.090601795142726e-07
VÖP,1,8.090601795142726e-07
VÖM,1,8.090601795142726e-07
VÖK,1,8.090601795142726e-07
Vür,1,8.090601795142726e-07
oßG,1,8.090601795142726e-07
wüf,1,8.090601795142726e-07
dßu,1,8.090601795142726e-07
üsc,1,8.090601795142726e-07
zöt,1,8.090601795142726e-07
ißj,1,8.090601795142726e-07
töy,1,8.090601795142726e-07
züt,1,8.090601795142726e-07
päu,1,8.090601795142726e-07
küz,1,8.090601795142726e-07
Väl,1,8.090601795142726e-07
Vöe,1,8.090601795142726e-07
ÖGU,1,8.090601795142726e-07
eÖz,1,8.090601795142726e-07
ÖFV,1,8.090601795142726e-07
ÖGS,1,8.090601795142726e-07
ÖGN,1,8.090601795142726e-07
ÖST,1,8.090601795142726e-07
ÖRM,1,8.090601795142726e-07
ÖPR,1,8.090601795142726e-07
ÖPG,1,8.090601795142726e-07
ÖPC,1,8.090601795142726e-07
ÖPP,1,8.090601795142726e-07
ÄZQ,1,8.090601795142726e-07
ÄTN,1,8.090601795142726e-07
ÄKN,1,8.090601795142726e-07
wüß,1,8.090601795142726e-07
vöu,1,8.090601795142726e-07
ÄFI,1,8.090601795142726e-07
ÄAp,1,8.090601795142726e-07
wöi,1,8.090601795142726e-07
öen,1,8.090601795142726e-07
äww,1,8.090601795142726e-07
ölä,1,8.090601795142726e-07
Özn,1,8.090601795142726e-07
Öje,1,8.090601795142726e-07
Öhn,1,8.090601795142726e-07
Öhm,1,8.090601795142726e-07
Öha,1,8.090601795142726e-07
Ögü,1,8.090601795142726e-07
Öfl,1,8.090601795142726e-07
Öbb,1,8.090601795142726e-07
Öam,1,8.090601795142726e-07
ÖZE,1,8.090601795142726e-07
ÖWR,1,8.090601795142726e-07
ÖWM,1,8.090601795142726e-07
ÖWG,1,8.090601795142726e-07
ÖWD,1,8.090601795142726e-07
ÖVW,1,8.090601795142726e-07
Ödp,1,8.090601795142726e-07
Ödb,1,8.090601795142726e-07
Öck,1,8.090601795142726e-07
Öjh,1,8.090601795142726e-07
Özu,1,8.090601795142726e-07
ölu,1,8.090601795142726e-07
ÜRF,1,8.090601795142726e-07
dße,1,8.090601795142726e-07
oßä,1,8.090601795142726e-07
höö,1,8.090601795142726e-07
eöt,1,8.090601795142726e-07
Fßg,1,8.090601795142726e-07
üre,1,8.090601795142726e-07
mäg,1,8.090601795142726e-07
nÖs,1,8.090601795142726e-07
näi,1,8.090601795142726e-07
üng,1,8.090601795142726e-07
üdi,1,8.090601795142726e-07
cöf,1,8.090601795142726e-07
NÖt,1,8.090601795142726e-07
oäh,1,8.090601795142726e-07
Öte,1,8.090601795142726e-07
päa,1,8.090601795142726e-07
ÜNB,1,8.090601795142726e-07
ätt,1,8.090601795142726e-07
ürb,1,8.090601795142726e-07
Örf,1,8.090601795142726e-07
Ösa,1,8.090601795142726e-07
äff,1,8.090601795142726e-07
äer,1,8.090601795142726e-07
Ünv,1,8.090601795142726e-07
Ünl,1,8.090601795142726e-07
Ülp,1,8.090601795142726e-07
Ühl,1,8.090601795142726e-07
äen,1,8.090601795142726e-07
äFl,1,8.090601795142726e-07
äei,1,8.090601795142726e-07
äPe,1,8.090601795142726e-07
ßor,1,8.090601795142726e-07
Üri,1,8.090601795142726e-07
ßas,1,8.090601795142726e-07
ßFe,1,8.090601795142726e-07
Üsk,1,8.090601795142726e-07
üpl,1,8.090601795142726e-07
Ürn,1,8.090601795142726e-07
ärh,1,8.090601795142726e-07
äse,1,8.090601795142726e-07
äok,1,8.090601795142726e-07
püf,1,8.090601795142726e-07
Öpn,1,8.090601795142726e-07
küa,1,8.090601795142726e-07
Öns,1,8.090601795142726e-07
Öso,1,8.090601795142726e-07
Önk,1,8.090601795142726e-07
Ölö,1,8.090601795142726e-07
ÖlH,1,8.090601795142726e-07
üha,1,8.090601795142726e-07
äig,1,8.090601795142726e-07
übs,1,8.090601795142726e-07
ünz,1,8.090601795142726e-07
üve,1,8.090601795142726e-07
ürt,1,8.090601795142726e-07
übg,1,8.090601795142726e-07
ißo,1,8.090601795142726e-07
älc,1,8.090601795142726e-07
eßd,1,8.090601795142726e-07
